{"Define Variable": 0.9670776127766881, "Using small numbers": 0.5421583961325181, "Write expression, positive slope": 0.46248912097476064, "Using difficult numbers": 0.4928514694201747, "Entering a given": 0.8011429633415416, "Find X, Simple": 0.6862026862026862, "Find Y, Simple": 0.6872134488028527, "[SkillRule: Remove positive coefficient; {ax/b=c, reciprocal; ax/b=c; x/a=b; ax=b}]": 0.9153520131857782, "[SkillRule: Remove coefficient; {ax+b=c, divide; ax=b; [const expr]*[var fact] + [const expr] = [const expr], divide; [var expr]*[const expr] = [const expr], divide; a/b*x=c; a/b*x=c, reciprocal; ax/b=c, reciprocal; ax/b=c; x/a=b; ax=b; (+/-x +/-a)/b=c, mult; a=x*(b+c); a=x*(b-c); a=x*(b*c+d); x/a+b=c, multiply; [var expr]/[const expr] = [const expr], multiply}]": 0.8496207540947565, "Identifying units": 0.795908879590888, "[SkillRule: Eliminate Parens; {CLT nested; CLT nested, parens; Distribute Mult right; Distribute Mult left; (+/-x +/-a)/b=c, mult; (+/-x +/-a)*b=c, div; [var expr]/[const expr] = [const expr], multiply; Distribute Division left; Distribute Division right; Distribute both mult left; Distribute both mult right; Distribute both divide left; Distribute both divide right; Distribute subex}]": 0.8345714803406414, "[SkillRule: Remove constant; {ax+b=c, positive; ax+b=c, negative; x+a=b, positive; x+a=b, negative; [var expr]+[const expr]=[const expr], positive; [var expr]+[const expr]=[const expr], negative; [var expr]+[const expr]=[const expr], all; Combine constants to right; Combine constants to left; a-x=b, positive; a/x+b=c, positive; a/x+b=c, negative}]": 0.7835419233512743, "[SkillRule: ax+b=c, negative; ax+b=c, negative]": 0.7908121410992617, "Find X, positive slope": 0.67106051527861, "Labelling the axes": 0.8591214325685507, "Changing axis bounds": 0.7767054178547927, "Changing axis intervals": 1.0, "Convert unit, standard": 0.5856741573033708, "Correctly placing points": 0.0, "Using simple numbers": 0.568201133144476, "Using large numbers": 0.5412506568575933, "Write expression, negative slope": 0.3411875589066918, "[SkillRule: Remove negative coefficient; {ax/b=c, reciprocal; ax/b=c; ax=b; x/a=b}]": 0.8477099236641221, "[SkillRule: Make variable positive; {ax+b=c, divide; ax=b; [const expr]*[var fact] + [const expr] = [const expr], divide; [var expr]*[const expr] = [const expr], divide; a/b*x=c; a/b*x=c, reciprocal; ax/b=c, reciprocal; ax/b=c; x/a=b; ax=b; (+/-x +/-a)/b=c, mult; a=x*(b+c); a=x*(b-c); a=x*(b*c+d); x/a+b=c, multiply; [var expr]/[const expr] = [const expr], multiply}]": 0.6425339366515838, "Find X, negative slope": 0.6304347826086957, "[SkillRule: Consolidate vars with coeff; CLT]": 0.8986909504837791, "[SkillRule: Select Eliminate Parens; {CLT nested; CLT nested, parens; Distribute Mult right; Distribute Mult left; Distribute subex}]": 0.8276856524873828, "[SkillRule: Consolidate vars, no coeff; CLT]": 0.8965181397613831, "combine-like-terms-sp": 0.6373905676362609, "[SkillRule: Add/Subtract; [Typein Skill: {Isolate positive; Isolate negative; Remove constant; Consolidate vars, no coeff; Consolidate vars with coeff; Consolidate vars, any}]]": 0.8192192192192193, "[SkillRule: Multiply/Divide; [Typein Skill: {Remove coefficient; Variable in denominator}]]": 0.9097079391197038, "simplify-fractions-sp": 0.5938058368076236, "Setting the y-intercept": 0.6488095238095238, "Setting the slope": 0.4289592760180995, "Entering the y-intercept": 0.7161803713527851, "Entering the slope": 0.7870452528837621, "Write expression, initial and change": 0.1441717791411043, "[SkillRule: Isolate positive; x+a=b, positive]": 0.7695652173913043, "[SkillRule: Calculate Eliminate Parens; [Typein Skill: Eliminate Parens]]": 0.834375, "[SkillRule: Isolate negative; x+a=b, negative]": 0.759825327510917, "[SkillRule: Select Combine Terms; CLT]": 0.931438127090301, "perform-mult-sp": 0.6855, "perform-mult-r-sp": 0.6643109540636042, "distribute-sp": 0.5811688311688312, "perform-mult-row2-sp": 0.8356890459363958, "Find Y, any form": 0.37715179968701096, "Find Y, positive slope": 0.5303819444444444, "[SkillRule: Extract to consolidate vars; {factor; factorb; factorc; factord}]": 0.6808654496281271, "[SkillRule: Done?; {doneleft; doneright; done no solution; Done No Solution, domain exception; Done No Solution, range exception; done infinite solutions}]": 0.0, "factor-sp": 0.7403708987161198, "[SkillRule: Consolidate vars, any; {Combine variables to right, sub; Combine variables to right, add; Combine variables to right, gen; Combine variables to right; Combine variables to left, add; Combine variables to left, sub; Combine variables to left, gen; ax+b=cx; ax+b=cx, move left; ax+b=cx+d, pos; ax+b=cx+d, neg; ax+b=cx+d, move right; ax+b=cx+d, move two; ax+b=cx+d, move two2; x+b=cx+d, pos; x+b=cx+d, neg; x+b=cx+d, move right; x+b=cx+d, move two; x+b=cx+d, move two2; ax+b=x+d, pos; ax+b=x+d, neg; ax+b=x+d, move right; ax+b=x+d, move two; ax+b=x+d, move two2; x+b=x+d, pos; x+b=x+d, neg; x+b=x+d, move right; x+b=x+d, move two; x+b=x+d, move two2}]": 0.5716406829992576, "[SkillRule: Select Multiply/Divide, nested; {MT; MT no fraction coeff}]": 0.7316414686825053, "combine-like-terms-whole-sp": 0.6456953642384106, "perform-mult-whole-sp": 0.5947556615017878, "[SkillRule: Select Multiply; {MT; MT no fraction coeff}]": 0.9617321248741189, "[SkillRule: Calculate negative coefficient; [Typein Skill: Make variable positive]]": 0.7769230769230769, "[SkillRule: Eliminate Parens; {[var expr]/[const expr] = [const expr], multiply; [var expr]*[const expr] = [const expr], divide}]": 0.47619047619047616, "Convert unit, mixed": 0.5675675675675675, "[SkillRule: Variable in denominator; {a/x=[anything]; a/x=b; a/x=b, sophisticated}]": 0.7140077821011673, "Find Y, negative slope": 0.45292014302741357, "Labelling point of intersection": 0.8110026619343389, "Write expression, initial and point": 0.13175675675675674, "Write expression, two points": 0.13402061855670103, "Negative Constant, SIF": 0.6746987951807228, "Entering x-intercept, SIF": 0.3380281690140845, "Entering y-intercept, SIF": 0.7702702702702703, "Placing coordinate point": 0.5460251046025104, "Excluding the line when shading": 0.45982142857142855, "Shading SIF equation with positive slope": 0.41, "Shading greater than": 0.39285714285714285, "Positive Constants, SIF": 0.6792452830188679, "Including the line when shading": 0.3603238866396761, "Shading SIF equation with negative slope": 0.4794520547945205, "Shading less than": 0.4246575342465753, "Negative Constant, GLF": 0.4928825622775801, "Entering a point": 0.5511111111111111, "Entering x-intercept, GLF": 0.5, "Entering y-intercept, GLF": 0.5363128491620112, "Shading GLF equation with positive slope": 0.38686131386861317, "Shading GLF equation with negative slope": 0.3411764705882353, "Positive Constants, GLF": 0.623352165725047, "Entering slope, SIF": 0.7526881720430108, "Write expression, quadratic": 0.35978835978835977, "Entering a given linear value": 0.8411053540587219, "Entering a computed linear value": 0.6743295019157088, "Entering a computed quadratic value": 0.6511627906976745, "Entering a given quadratic value": 0.8306962025316456, "factor-quadratic-sp": 0.6131147540983607, "qft-num1-sp": 0.8302583025830258, "qft-num2-sp": 0.7201492537313433, "qft-den-sp": 0.8282442748091603, "[SkillRule: Apply Exponent; {Expand Exponents; eval radical; Expand Exponents, radical}]": 0.7489539748953975, "Convert unit, multiplier": 0.5660377358490566, "Entering slope, GLF": 0.1111111111111111, "Write expression, ratio": 0.38636363636363635, "Identify Parent Description": 0.731764705882353, "Identify Parent Equation": 0.84, "Identify Parent Curve": 0.9080188679245284, "Choose Graphical k": 0.7918367346938775, "Edit Algebraic k": 0.7016129032258065, "Choose Graphical Refl-v": 0.7723577235772358, "Edit Algebraic refl-v": 0.6991869918699187, "Edit Algebraic a": 0.6507177033492823, "Choose Graphical a": 0.7081339712918661, "Choose Graphical h": 0.5980392156862745, "Edit Algebraic h": 0.4411764705882353, "[SkillRule: Make variable positive; {add x in -x; move neg var to other side}]": 0.6296296296296297, "[SkillRule: done no solutions; {done no solution; Done No Solution, domain exception; Done No Solution, range exception}]": 0.0, "[SkillRule: invert-mult; {ivm}]": 0.25, "combine-like-terms-r-sp": 0.6, "mean": 0.6231368943453383}